# -----------------------------------------------------------
# PHP-Amateur database backup files
# Blog: http://blog.51edm.org
# Type: 系统自动备份
# Description:当前SQL文件包含了表：pa_access、pa_admin、pa_category、pa_member、pa_news、pa_node、pa_role、pa_role_user的结构信息，表：pa_access、pa_admin、pa_category、pa_member、pa_news、pa_node、pa_role、pa_role_user的数据
# Time: 2014-03-23 16:16:26
# -----------------------------------------------------------
# 当前SQL卷标：#1
# -----------------------------------------------------------


# 数据库表：pa_access 结构信息
DROP TABLE IF EXISTS `pa_access`;
CREATE TABLE `pa_access` (
  `role_id` smallint(6) unsigned NOT NULL,
  `node_id` smallint(6) unsigned NOT NULL,
  `level` tinyint(1) NOT NULL,
  `pid` smallint(6) DEFAULT NULL,
  `module` varchar(50) DEFAULT NULL,
  KEY `groupId` (`role_id`),
  KEY `nodeId` (`node_id`)
) ENGINE=MyISAM DEFAULT CHARSET=utf8 COMMENT='权限分配表' ;

# 数据库表：pa_admin 结构信息
DROP TABLE IF EXISTS `pa_admin`;
CREATE TABLE `pa_admin` (
  `aid` int(11) NOT NULL AUTO_INCREMENT,
  `nickname` varchar(20) DEFAULT NULL,
  `email` varchar(50) DEFAULT NULL COMMENT '登录账号',
  `pwd` char(32) DEFAULT NULL COMMENT '登录密码',
  `status` int(11) DEFAULT '1' COMMENT '账号状态',
  `remark` varchar(255) DEFAULT '' COMMENT '备注信息',
  `find_code` char(5) DEFAULT NULL COMMENT '找回账号验证码',
  `time` int(10) DEFAULT NULL COMMENT '开通时间',
  PRIMARY KEY (`aid`)
) ENGINE=MyISAM AUTO_INCREMENT=4 DEFAULT CHARSET=utf8 COMMENT='网站后台管理员表' ;

# 数据库表：pa_category 结构信息
DROP TABLE IF EXISTS `pa_category`;
CREATE TABLE `pa_category` (
  `cid` int(5) NOT NULL AUTO_INCREMENT,
  `pid` int(5) DEFAULT NULL COMMENT 'parentCategory上级分类',
  `name` varchar(20) DEFAULT NULL COMMENT '分类名称',
  PRIMARY KEY (`cid`)
) ENGINE=MyISAM AUTO_INCREMENT=49 DEFAULT CHARSET=utf8 ROW_FORMAT=DYNAMIC COMMENT='新闻分类表' ;

# 数据库表：pa_member 结构信息
DROP TABLE IF EXISTS `pa_member`;
CREATE TABLE `pa_member` (
  `uid` int(11) NOT NULL AUTO_INCREMENT,
  `weibo_uid` varchar(15) DEFAULT NULL COMMENT '对应的新浪微博uid',
  `tencent_uid` varchar(20) DEFAULT NULL COMMENT '腾讯微博UID',
  `email` varchar(100) DEFAULT NULL COMMENT '邮箱地址',
  `nickname` varchar(20) DEFAULT NULL COMMENT '用户昵称',
  `pwd` char(32) DEFAULT NULL COMMENT '密码',
  `reg_date` int(10) DEFAULT NULL,
  `reg_ip` char(15) DEFAULT NULL COMMENT '注册IP地址',
  `verify_status` int(1) DEFAULT '0' COMMENT '电子邮件验证标示 0未验证，1已验证',
  `verify_code` varchar(32) DEFAULT NULL COMMENT '电子邮件验证随机码',
  `verify_time` int(10) DEFAULT NULL COMMENT '邮箱验证时间',
  `verify_exp_time` int(10) DEFAULT NULL COMMENT '验证邮件过期时间',
  `find_fwd_code` varchar(32) DEFAULT NULL COMMENT '找回密码验证随机码',
  `find_pwd_time` int(10) DEFAULT NULL COMMENT '找回密码申请提交时间',
  `find_pwd_exp_time` int(10) DEFAULT NULL COMMENT '找回密码验证随机码过期时间',
  `avatar` varchar(100) DEFAULT NULL COMMENT '用户头像',
  `birthday` int(10) DEFAULT NULL COMMENT '用户生日',
  `sex` int(1) DEFAULT NULL COMMENT '0女1男',
  `address` varchar(50) DEFAULT NULL COMMENT '地址',
  `province` varchar(100) DEFAULT NULL COMMENT '省份',
  `city` varchar(100) DEFAULT NULL COMMENT '城市',
  `intr` varchar(500) DEFAULT NULL COMMENT '个人介绍',
  `mobile` varchar(11) DEFAULT NULL COMMENT '手机号码',
  `phone` varchar(30) DEFAULT NULL COMMENT '电话',
  `fax` varchar(30) DEFAULT NULL,
  `qq` int(15) DEFAULT NULL,
  `msn` varchar(100) DEFAULT NULL,
  `login_ip` varchar(15) DEFAULT NULL COMMENT '登录ip',
  `login_time` int(10) DEFAULT NULL COMMENT '登录时间',
  PRIMARY KEY (`uid`)
) ENGINE=MyISAM AUTO_INCREMENT=350 DEFAULT CHARSET=utf8 ROW_FORMAT=DYNAMIC COMMENT='网站前台会员表' ;

# 数据库表：pa_news 结构信息
DROP TABLE IF EXISTS `pa_news`;
CREATE TABLE `pa_news` (
  `id` mediumint(8) NOT NULL AUTO_INCREMENT,
  `cid` smallint(3) DEFAULT NULL COMMENT '所在分类',
  `title` varchar(200) DEFAULT NULL COMMENT '新闻标题',
  `keywords` varchar(50) DEFAULT NULL COMMENT '文章关键字',
  `description` mediumtext COMMENT '文章描述',
  `status` tinyint(1) DEFAULT NULL,
  `summary` varchar(255) DEFAULT NULL COMMENT '文章摘要',
  `published` int(10) DEFAULT NULL,
  `update_time` int(10) DEFAULT NULL,
  `content` text,
  `aid` smallint(3) DEFAULT NULL COMMENT '发布者UID',
  PRIMARY KEY (`id`)
) ENGINE=MyISAM AUTO_INCREMENT=4 DEFAULT CHARSET=utf8 COMMENT='新闻表' ;

# 数据库表：pa_node 结构信息
DROP TABLE IF EXISTS `pa_node`;
CREATE TABLE `pa_node` (
  `id` smallint(6) unsigned NOT NULL AUTO_INCREMENT,
  `name` varchar(20) NOT NULL,
  `title` varchar(50) DEFAULT NULL,
  `status` tinyint(1) DEFAULT '0',
  `remark` varchar(255) DEFAULT NULL,
  `sort` smallint(6) unsigned DEFAULT NULL,
  `pid` smallint(6) unsigned NOT NULL,
  `level` tinyint(1) unsigned NOT NULL,
  PRIMARY KEY (`id`),
  KEY `level` (`level`),
  KEY `pid` (`pid`),
  KEY `status` (`status`),
  KEY `name` (`name`)
) ENGINE=MyISAM AUTO_INCREMENT=45 DEFAULT CHARSET=utf8 COMMENT='权限节点表' ;

# 数据库表：pa_role 结构信息
DROP TABLE IF EXISTS `pa_role`;
CREATE TABLE `pa_role` (
  `id` smallint(6) unsigned NOT NULL AUTO_INCREMENT,
  `name` varchar(20) NOT NULL,
  `pid` smallint(6) DEFAULT NULL,
  `status` tinyint(1) unsigned DEFAULT NULL,
  `remark` varchar(255) DEFAULT NULL,
  PRIMARY KEY (`id`),
  KEY `pid` (`pid`),
  KEY `status` (`status`)
) ENGINE=MyISAM AUTO_INCREMENT=5 DEFAULT CHARSET=utf8 COMMENT='权限角色表' ;

# 数据库表：pa_role_user 结构信息
DROP TABLE IF EXISTS `pa_role_user`;
CREATE TABLE `pa_role_user` (
  `role_id` mediumint(9) unsigned DEFAULT NULL,
  `user_id` char(32) DEFAULT NULL,
  KEY `group_id` (`role_id`),
  KEY `user_id` (`user_id`)
) ENGINE=MyISAM DEFAULT CHARSET=utf8 COMMENT='用户角色表' ;



# 数据库表：pa_access 数据信息
INSERT INTO `pa_access` VALUES ('2','8','3','14','');
INSERT INTO `pa_access` VALUES ('2','14','2','1','');
INSERT INTO `pa_access` VALUES ('2','10','3','4','');
INSERT INTO `pa_access` VALUES ('2','4','2','1','');
INSERT INTO `pa_access` VALUES ('2','7','3','3','');
INSERT INTO `pa_access` VALUES ('2','3','2','1','');
INSERT INTO `pa_access` VALUES ('2','6','3','2','');
INSERT INTO `pa_access` VALUES ('2','5','3','2','');
INSERT INTO `pa_access` VALUES ('2','2','2','1','');
INSERT INTO `pa_access` VALUES ('2','1','1','0','');
INSERT INTO `pa_access` VALUES ('3','14','2','1','');
INSERT INTO `pa_access` VALUES ('3','13','3','4','');
INSERT INTO `pa_access` VALUES ('3','12','3','4','');
INSERT INTO `pa_access` VALUES ('3','11','3','4','');
INSERT INTO `pa_access` VALUES ('3','10','3','4','');
INSERT INTO `pa_access` VALUES ('3','4','2','1','');
INSERT INTO `pa_access` VALUES ('3','9','3','3','');
INSERT INTO `pa_access` VALUES ('3','8','3','3','');
INSERT INTO `pa_access` VALUES ('3','7','3','3','');
INSERT INTO `pa_access` VALUES ('3','3','2','1','');
INSERT INTO `pa_access` VALUES ('3','6','3','2','');
INSERT INTO `pa_access` VALUES ('3','5','3','2','');
INSERT INTO `pa_access` VALUES ('3','2','2','1','');
INSERT INTO `pa_access` VALUES ('3','1','1','0','');
INSERT INTO `pa_access` VALUES ('4','7','3','3','');
INSERT INTO `pa_access` VALUES ('4','3','2','1','');
INSERT INTO `pa_access` VALUES ('4','6','3','2','');
INSERT INTO `pa_access` VALUES ('4','5','3','2','');
INSERT INTO `pa_access` VALUES ('4','2','2','1','');
INSERT INTO `pa_access` VALUES ('4','1','1','0','');
INSERT INTO `pa_access` VALUES ('2','9','3','14','');
INSERT INTO `pa_access` VALUES ('2','15','3','14','');
INSERT INTO `pa_access` VALUES ('2','16','3','14','');
INSERT INTO `pa_access` VALUES ('2','17','3','14','');
INSERT INTO `pa_access` VALUES ('2','18','3','14','');
INSERT INTO `pa_access` VALUES ('2','19','3','14','');
INSERT INTO `pa_access` VALUES ('2','20','3','14','');
INSERT INTO `pa_access` VALUES ('2','21','3','14','');
INSERT INTO `pa_access` VALUES ('2','22','3','14','');
INSERT INTO `pa_access` VALUES ('2','23','3','14','');
INSERT INTO `pa_access` VALUES ('2','24','3','14','');
INSERT INTO `pa_access` VALUES ('2','25','3','14','');
INSERT INTO `pa_access` VALUES ('2','26','2','1','');
INSERT INTO `pa_access` VALUES ('2','27','3','26','');
INSERT INTO `pa_access` VALUES ('2','28','3','26','');
INSERT INTO `pa_access` VALUES ('2','29','3','26','');
INSERT INTO `pa_access` VALUES ('2','30','3','26','');
INSERT INTO `pa_access` VALUES ('2','31','3','26','');


# 数据库表：pa_admin 数据信息
INSERT INTO `pa_admin` VALUES ('1','超级管理员','admin@qq.com','9a0e23021a6eabc8a321c650d6223bc7','1','我是超级管理员 哈哈~~','','1395405387');


# 数据库表：pa_category 数据信息
INSERT INTO `pa_category` VALUES ('24','22','理财资讯');
INSERT INTO `pa_category` VALUES ('14','13','私募动态');
INSERT INTO `pa_category` VALUES ('1','0','信托计划');
INSERT INTO `pa_category` VALUES ('23','22','行业动态');
INSERT INTO `pa_category` VALUES ('8','6','募资资讯');
INSERT INTO `pa_category` VALUES ('2','1','行业新闻');
INSERT INTO `pa_category` VALUES ('9','6','上市资讯');
INSERT INTO `pa_category` VALUES ('6','0','PE');
INSERT INTO `pa_category` VALUES ('21','18','债券公告');
INSERT INTO `pa_category` VALUES ('15','13','私募人物');
INSERT INTO `pa_category` VALUES ('16','13','私募视点');
INSERT INTO `pa_category` VALUES ('26','22','监管动态');
INSERT INTO `pa_category` VALUES ('13','0','阳光私募');
INSERT INTO `pa_category` VALUES ('17','13','私募研究');
INSERT INTO `pa_category` VALUES ('10','6','大佬语录');
INSERT INTO `pa_category` VALUES ('12','6','投资人生');
INSERT INTO `pa_category` VALUES ('27','0','券商');
INSERT INTO `pa_category` VALUES ('4','1','信托渠道');
INSERT INTO `pa_category` VALUES ('20','18','债市研究');
INSERT INTO `pa_category` VALUES ('18','0','债券');
INSERT INTO `pa_category` VALUES ('25','22','观点评论');
INSERT INTO `pa_category` VALUES ('5','1','行业研究');
INSERT INTO `pa_category` VALUES ('11','6','投资人物');
INSERT INTO `pa_category` VALUES ('28','27','行业动态');
INSERT INTO `pa_category` VALUES ('30','27','行业研究');
INSERT INTO `pa_category` VALUES ('22','0','银行');
INSERT INTO `pa_category` VALUES ('3','1','机构动态');
INSERT INTO `pa_category` VALUES ('7','6','行业动态');
INSERT INTO `pa_category` VALUES ('29','27','研究动态');
INSERT INTO `pa_category` VALUES ('19','18','债券要闻');
INSERT INTO `pa_category` VALUES ('31','6','收购并购');


# 数据库表：pa_member 数据信息


# 数据库表：pa_news 数据信息
INSERT INTO `pa_news` VALUES ('3','14','银监会拟引入银行理财业务和机构准入制度','银行理财','银行理财业务的迅猛增长，倒逼监管的步步升级。','1','银行理财业务的迅猛增长，倒逼监管的步步升级。记者从业内获得的最新统计数据显示，截至2012年末，各银行共存续理财产品32152款，理财资金账面余额7.1万亿元，比2011年末增长约55%。年初以来，银监会已将理财业务列为今年的重点监管工作。消息人士透露，对理财产品加大监管主要表现在两方面：一是将派出机构对银行理财产品销售活动进行专项检查；另一方面，将“资金池”操作模式作为现场检查的重点，“要求商业…','1363141499','1363148135','银行理财业务的迅猛增长，倒逼监管的步步升级。<p>记者从业内获得的最新统计数据显示，截至2012年末，各银行共存续理财产品32152款，理财资金账面余额7.1万亿元，比2011年末增长约55%。</p><p>年初以来，银监会已将理财业务列为今年的重点监管工作。消息人士透露，对理财产品加大监管主要表现在两方面：一是将派出机构对银行理财产品销售活动进行专项检查；另一方面，将“资金池”操作模式作为现场检查的重点，“要求商业银行在2-4月份首先对‘资金池’类理财产品进行自查整改。”</p><p>随着理财业务的过快发展，监管部门对于理财业务参与机构的风险管理能力、资产管理能力等方面表现出担忧，特别是城商行和农村合作<a href="http://licai.so/Jgzl/" target="_blank">金融机构</a>。消息人士称，因此，监管部门正在酝酿开展理财业务的机构准入和业务准入制度。</p><p><strong> 严禁银行理财输血地方融资平台</strong></p><p>银行理财业务自2005年发端，至今经历了七年发展期。但时至今日仍有部分银行对理财业务的发展缺乏明确的战略定位，并未真正树立起“代客理财”的理念。</p><p>银行每季度末为冲规模大量发行期限短、收益高的理财产品，表明部分银行仅将理财业务当作其自营业务的附属，当存款规模紧张时，就通过发行保本、高收益产品争揽存款；当贷款规模紧张时，就通过理财实现贷款规模表外化，把银行理财作为“高息揽储”和“变相放贷”的工具。</p><p>记者了解到，监管部门因此要求商业银行董事会及高管层要对理财业务进行清晰的战略定位，避免理财业务沦为其他业务的调节工具和手段。</p><p>此前，部分银行将理财业务视为“变相放贷”的工具，通过规避银信合作监管规定的方式来开展项目融资，如以银证、银保、银基合作的方式，投资于票据资产或其他非标准化债券类资产。</p><p>记者获得的数据显示，截至2012年末，项目融资类理财产品余额同比增长了53%，占全部理财产品投资余额的30%，超过2万亿元。</p><p>前述消息人士透露，为了控制去年以来迅猛增长的银证、银保、银基合作等通道类业务所蕴含的风险，监管部门要求商业银行开展此类业务全程确保合规，这包括，首先要界定好投资过程中的法律关系；其次要在尽职调查的基础上合理安排交易结构和投资条款；第三，要求产品说明书要按照“解包还原”的原则充分披露；第四，要对最终投资标的的资产进行实质性管理和控制；最后还要求目标客户必须满足合格投资者的相关要求。</p><p>对于理财产品销售过程中的不规范行为，监管部门将针对这一环节进行专项检查，并计划要求银行通过投资者教育的门户网站来公示预期收益率和实际收益率的对比情况。</p><p>理财资金投向方面也要严格把关。银监会强调商业银行应严格限制资金通过各类渠道进入地方政府融资平台、“两高一剩”企业、商业房地产开发项目等限制性行业和领域。“特别强调要防止地方政府融资平台绕道通过银行理财进行直接或间接融资。”消息人士称。</p><p>银监会公布的数据显示，截至2012年末，政府融资平台贷款为93035亿元。</p><p><strong>中小机构冒进 监管层酝酿准入制度</strong></p><p>去年以来，中小金融机构特别是城商行和农村合作金融机构大量参与理财市场更加激进。记者获悉，大型银行和股份制银行在理财业务的市场份额已从2011年的88%，下降至2012年的83%。</p><p>理财业务发展过快而参与机构良莠不齐，引发监管部门的担忧。同时，部分机构还存在风险管理能力不足、业务开展不够审慎的问题。</p><p>如根据银率网的统计数据显示，今年2月份共有22款理财产品未达到预期收益率，其中有15款均为南洋商业银行所发行的产品。</p><p>而且，部分中小银行由于缺乏自主的产品设计能力，在与券商、基金、资产管理公司合作时，缺乏对产品风险和收益的实际控制权，极易沦为合作方的资金募集通道，一旦出现风险只能被动接受。</p><p>消息人士透露，对于此类风险管控能力较低、资产管理能力和专业素质还不足的中小金融机构，银监会将对其能够从事多大规模的理财业务，进行严格把关和密切监测。制定一套开展理财业务的机构准入和业务准入制度也纳入监管部门的计划中。</p><p>值得注意的是，一些创新型理财产品，如股权类投资、股票基金类投资和另类投资等，监管部门考虑到其高风险和结构复杂性，其发行将会受到严控。“特别是中小银行金融机构发行此类理财产品时，将需要逐笔上报银监会，加强合规性审查。”</p><p>此外，监管部门还注意到，部分银行存在将理财产品持有的资产与其他理财产品持有的资产，或银行自营业务资产，通过非公允的市场价格进行交易的违规行为。更有银行将一些较高收益率的理财产品销售给特定关系人，涉嫌利益输送。</p><p>银行理财业务存在的问题引起多部委的注意。记者获悉，去年，中纪委和监察部国家预防腐败局办公室也曾就此问题与银监会进行过专门的探讨，对于银行理财产品设计和交易中可能存在的腐败问题，中纪委、监察部和银监会都将进一步密切关注。</p>','1');


# 数据库表：pa_node 数据信息
INSERT INTO `pa_node` VALUES ('1','Admin','后台管理','1','网站后台管理项目','10','0','1');
INSERT INTO `pa_node` VALUES ('2','Index','管理首页','1','','1','1','2');
INSERT INTO `pa_node` VALUES ('3','Member','注册会员管理','1','','3','1','2');
INSERT INTO `pa_node` VALUES ('4','Webinfo','系统管理','1','','4','1','2');
INSERT INTO `pa_node` VALUES ('5','index','默认页','1','','5','2','3');
INSERT INTO `pa_node` VALUES ('6','myInfo','我的个人信息','1','','6','2','3');
INSERT INTO `pa_node` VALUES ('7','index','会员首页','1','','7','3','3');
INSERT INTO `pa_node` VALUES ('8','index','管理员列表','1','','8','14','3');
INSERT INTO `pa_node` VALUES ('9','addAdmin','添加管理员','1','','9','14','3');
INSERT INTO `pa_node` VALUES ('10','index','系统设置首页','1','','10','4','3');
INSERT INTO `pa_node` VALUES ('11','setEmailConfig','设置系统邮件','1','','12','4','3');
INSERT INTO `pa_node` VALUES ('12','testEmailConfig','发送测试邮件','1','','0','4','3');
INSERT INTO `pa_node` VALUES ('13','setSafeConfig','系统安全设置','1','','0','4','3');
INSERT INTO `pa_node` VALUES ('14','Access','权限管理','1','权限管理，为系统后台管理员设置不同的权限','0','1','2');
INSERT INTO `pa_node` VALUES ('15','nodeList','查看节点','1','节点列表信息','0','14','3');
INSERT INTO `pa_node` VALUES ('16','roleList','角色列表查看','1','角色列表查看','0','14','3');
INSERT INTO `pa_node` VALUES ('17','addRole','添加角色','1','','0','14','3');
INSERT INTO `pa_node` VALUES ('18','editRole','编辑角色','1','','0','14','3');
INSERT INTO `pa_node` VALUES ('19','opNodeStatus','便捷开启禁用节点','1','','0','14','3');
INSERT INTO `pa_node` VALUES ('20','opRoleStatus','便捷开启禁用角色','1','','0','14','3');
INSERT INTO `pa_node` VALUES ('21','editNode','编辑节点','1','','0','14','3');
INSERT INTO `pa_node` VALUES ('22','addNode','添加节点','1','','0','14','3');
INSERT INTO `pa_node` VALUES ('23','addAdmin','添加管理员','1','','0','14','3');
INSERT INTO `pa_node` VALUES ('24','editAdmin','编辑管理员信息','1','','0','14','3');
INSERT INTO `pa_node` VALUES ('25','changeRole','权限分配','1','','0','14','3');
INSERT INTO `pa_node` VALUES ('26','News','资讯管理','1','','0','1','2');
INSERT INTO `pa_node` VALUES ('27','index','新闻列表','1','','0','26','3');
INSERT INTO `pa_node` VALUES ('28','category','新闻分类管理','1','','0','26','3');
INSERT INTO `pa_node` VALUES ('29','add','发布新闻','1','','0','26','3');
INSERT INTO `pa_node` VALUES ('30','edit','编辑新闻','1','','0','26','3');
INSERT INTO `pa_node` VALUES ('31','del','删除信息','0','','0','26','3');
INSERT INTO `pa_node` VALUES ('32','SysData','数据库管理','1','包含数据库备份、还原、打包等','0','1','2');
INSERT INTO `pa_node` VALUES ('33','index','查看数据库表结构信息','1','','0','32','3');
INSERT INTO `pa_node` VALUES ('34','backup','备份数据库','1','','0','32','3');
INSERT INTO `pa_node` VALUES ('35','restore','查看已备份SQL文件','1','','0','32','3');
INSERT INTO `pa_node` VALUES ('36','restoreData','执行数据库还原操作','1','','0','32','3');
INSERT INTO `pa_node` VALUES ('37','delSqlFiles','删除SQL文件','1','','0','32','3');
INSERT INTO `pa_node` VALUES ('38','sendSql','邮件发送SQL文件','1','','0','32','3');
INSERT INTO `pa_node` VALUES ('39','zipSql','打包SQL文件','1','','0','32','3');
INSERT INTO `pa_node` VALUES ('40','zipList','查看已打包SQL文件','1','','0','32','3');
INSERT INTO `pa_node` VALUES ('41','unzipSqlfile','解压缩ZIP文件','1','','0','32','3');
INSERT INTO `pa_node` VALUES ('42','delZipFiles','删除zip压缩文件','1','','0','32','3');
INSERT INTO `pa_node` VALUES ('43','downFile','下载备份的SQL,ZIP文件','1','','0','32','3');
INSERT INTO `pa_node` VALUES ('44','repair','数据库优化修复','1','','0','32','3');


# 数据库表：pa_role 数据信息
INSERT INTO `pa_role` VALUES ('1','超级管理员','0','1','系统内置超级管理员组，不受权限分配账号限制');
INSERT INTO `pa_role` VALUES ('2','管理员','1','1','拥有系统仅此于超级管理员的权限');
INSERT INTO `pa_role` VALUES ('3','领导','1','1','拥有所有操作的读权限，无增加、删除、修改的权限');
INSERT INTO `pa_role` VALUES ('4','测试组','1','1','测试');


# 数据库表：pa_role_user 数据信息
